Driver,session_id,season,Final_Race_Position
77,2019_1,2019,1.0
44,2019_1,2019,2.0
33,2019_1,2019,3.0
5,2019_1,2019,4.0
16,2019_1,2019,5.0
20,2019_1,2019,6.0
27,2019_1,2019,7.0
7,2019_1,2019,8.0
18,2019_1,2019,9.0
26,2019_1,2019,10.0
10,2019_1,2019,11.0
4,2019_1,2019,12.0
11,2019_1,2019,13.0
23,2019_1,2019,14.0
99,2019_1,2019,15.0
63,2019_1,2019,16.0
88,2019_1,2019,17.0
8,2019_1,2019,18.0
3,2019_1,2019,19.0
55,2019_1,2019,20.0
44,2019_2,2019,1.0
77,2019_2,2019,2.0
16,2019_2,2019,3.0
33,2019_2,2019,4.0
5,2019_2,2019,5.0
4,2019_2,2019,6.0
7,2019_2,2019,7.0
10,2019_2,2019,8.0
23,2019_2,2019,9.0
11,2019_2,2019,10.0
99,2019_2,2019,11.0
26,2019_2,2019,12.0
20,2019_2,2019,13.0
18,2019_2,2019,14.0
63,2019_2,2019,15.0
88,2019_2,2019,16.0
27,2019_2,2019,17.0
3,2019_2,2019,18.0
55,2019_2,2019,19.0
8,2019_2,2019,20.0
44,2019_3,2019,1.0
77,2019_3,2019,2.0
5,2019_3,2019,3.0
33,2019_3,2019,4.0
16,2019_3,2019,5.0
10,2019_3,2019,6.0
3,2019_3,2019,7.0
11,2019_3,2019,8.0
7,2019_3,2019,9.0
23,2019_3,2019,10.0
8,2019_3,2019,11.0
18,2019_3,2019,12.0
20,2019_3,2019,13.0
55,2019_3,2019,14.0
99,2019_3,2019,15.0
63,2019_3,2019,16.0
88,2019_3,2019,17.0
4,2019_3,2019,18.0
26,2019_3,2019,19.0
27,2019_3,2019,20.0
77,2019_4,2019,1.0
44,2019_4,2019,2.0
5,2019_4,2019,3.0
33,2019_4,2019,4.0
16,2019_4,2019,5.0
11,2019_4,2019,6.0
55,2019_4,2019,7.0
4,2019_4,2019,8.0
18,2019_4,2019,9.0
7,2019_4,2019,10.0
23,2019_4,2019,11.0
99,2019_4,2019,12.0
20,2019_4,2019,13.0
27,2019_4,2019,14.0
63,2019_4,2019,15.0
88,2019_4,2019,16.0
10,2019_4,2019,17.0
8,2019_4,2019,18.0
26,2019_4,2019,19.0
3,2019_4,2019,20.0
44,2019_5,2019,1.0
77,2019_5,2019,2.0
33,2019_5,2019,3.0
5,2019_5,2019,4.0
16,2019_5,2019,5.0
10,2019_5,2019,6.0
20,2019_5,2019,7.0
55,2019_5,2019,8.0
26,2019_5,2019,9.0
8,2019_5,2019,10.0
23,2019_5,2019,11.0
3,2019_5,2019,12.0
27,2019_5,2019,13.0
7,2019_5,2019,14.0
11,2019_5,2019,15.0
99,2019_5,2019,16.0
63,2019_5,2019,17.0
88,2019_5,2019,18.0
18,2019_5,2019,19.0
4,2019_5,2019,20.0
44,2019_6,2019,1.0
5,2019_6,2019,2.0
77,2019_6,2019,3.0
33,2019_6,2019,4.0
10,2019_6,2019,5.0
55,2019_6,2019,6.0
26,2019_6,2019,7.0
23,2019_6,2019,8.0
3,2019_6,2019,9.0
8,2019_6,2019,10.0
4,2019_6,2019,11.0
11,2019_6,2019,12.0
27,2019_6,2019,13.0
20,2019_6,2019,14.0
63,2019_6,2019,15.0
18,2019_6,2019,16.0
7,2019_6,2019,17.0
88,2019_6,2019,18.0
99,2019_6,2019,19.0
16,2019_6,2019,20.0
44,2019_7,2019,1.0
5,2019_7,2019,2.0
16,2019_7,2019,3.0
77,2019_7,2019,4.0
33,2019_7,2019,5.0
3,2019_7,2019,6.0
27,2019_7,2019,7.0
10,2019_7,2019,8.0
18,2019_7,2019,9.0
26,2019_7,2019,10.0
55,2019_7,2019,11.0
11,2019_7,2019,12.0
99,2019_7,2019,13.0
8,2019_7,2019,14.0
7,2019_7,2019,15.0
63,2019_7,2019,16.0
20,2019_7,2019,17.0
88,2019_7,2019,18.0
23,2019_7,2019,19.0
4,2019_7,2019,20.0
44,2019_8,2019,1.0
77,2019_8,2019,2.0
16,2019_8,2019,3.0
33,2019_8,2019,4.0
5,2019_8,2019,5.0
55,2019_8,2019,6.0
7,2019_8,2019,7.0
27,2019_8,2019,8.0
4,2019_8,2019,9.0
10,2019_8,2019,10.0
3,2019_8,2019,11.0
11,2019_8,2019,12.0
18,2019_8,2019,13.0
26,2019_8,2019,14.0
23,2019_8,2019,15.0
99,2019_8,2019,16.0
20,2019_8,2019,17.0
88,2019_8,2019,18.0
63,2019_8,2019,19.0
8,2019_8,2019,20.0
33,2019_9,2019,1.0
16,2019_9,2019,2.0
77,2019_9,2019,3.0
5,2019_9,2019,4.0
44,2019_9,2019,5.0
4,2019_9,2019,6.0
10,2019_9,2019,7.0
55,2019_9,2019,8.0
7,2019_9,2019,9.0
99,2019_9,2019,10.0
11,2019_9,2019,11.0
3,2019_9,2019,12.0
27,2019_9,2019,13.0
18,2019_9,2019,14.0
23,2019_9,2019,15.0
8,2019_9,2019,16.0
26,2019_9,2019,17.0
63,2019_9,2019,18.0
20,2019_9,2019,19.0
88,2019_9,2019,20.0
44,2019_10,2019,1.0
77,2019_10,2019,2.0
16,2019_10,2019,3.0
10,2019_10,2019,4.0
33,2019_10,2019,5.0
55,2019_10,2019,6.0
3,2019_10,2019,7.0
7,2019_10,2019,8.0
26,2019_10,2019,9.0
27,2019_10,2019,10.0
4,2019_10,2019,11.0
23,2019_10,2019,12.0
18,2019_10,2019,13.0
63,2019_10,2019,14.0
88,2019_10,2019,15.0
5,2019_10,2019,16.0
11,2019_10,2019,17.0
99,2019_10,2019,18.0
8,2019_10,2019,19.0
20,2019_10,2019,20.0
33,2019_11,2019,1.0
5,2019_11,2019,2.0
26,2019_11,2019,3.0
18,2019_11,2019,4.0
55,2019_11,2019,5.0
23,2019_11,2019,6.0
8,2019_11,2019,7.0
20,2019_11,2019,8.0
44,2019_11,2019,9.0
88,2019_11,2019,10.0
63,2019_11,2019,11.0
7,2019_11,2019,12.0
99,2019_11,2019,13.0
10,2019_11,2019,14.0
77,2019_11,2019,15.0
27,2019_11,2019,16.0
16,2019_11,2019,17.0
4,2019_11,2019,18.0
3,2019_11,2019,19.0
11,2019_11,2019,20.0
44,2019_12,2019,1.0
33,2019_12,2019,2.0
5,2019_12,2019,3.0
16,2019_12,2019,4.0
55,2019_12,2019,5.0
10,2019_12,2019,6.0
7,2019_12,2019,7.0
77,2019_12,2019,8.0
4,2019_12,2019,9.0
23,2019_12,2019,10.0
11,2019_12,2019,11.0
27,2019_12,2019,12.0
20,2019_12,2019,13.0
3,2019_12,2019,14.0
26,2019_12,2019,15.0
63,2019_12,2019,16.0
18,2019_12,2019,17.0
99,2019_12,2019,18.0
88,2019_12,2019,19.0
8,2019_12,2019,20.0
16,2019_13,2019,1.0
44,2019_13,2019,2.0
77,2019_13,2019,3.0
5,2019_13,2019,4.0
23,2019_13,2019,5.0
11,2019_13,2019,6.0
26,2019_13,2019,7.0
27,2019_13,2019,8.0
10,2019_13,2019,9.0
18,2019_13,2019,10.0
4,2019_13,2019,11.0
20,2019_13,2019,12.0
8,2019_13,2019,13.0
3,2019_13,2019,14.0
63,2019_13,2019,15.0
7,2019_13,2019,16.0
88,2019_13,2019,17.0
99,2019_13,2019,18.0
55,2019_13,2019,19.0
33,2019_13,2019,20.0
16,2019_14,2019,1.0
77,2019_14,2019,2.0
44,2019_14,2019,3.0
3,2019_14,2019,4.0
27,2019_14,2019,5.0
23,2019_14,2019,6.0
11,2019_14,2019,7.0
33,2019_14,2019,8.0
99,2019_14,2019,9.0
4,2019_14,2019,10.0
10,2019_14,2019,11.0
18,2019_14,2019,12.0
5,2019_14,2019,13.0
63,2019_14,2019,14.0
7,2019_14,2019,15.0
8,2019_14,2019,16.0
88,2019_14,2019,17.0
20,2019_14,2019,18.0
26,2019_14,2019,19.0
55,2019_14,2019,20.0
5,2019_15,2019,1.0
16,2019_15,2019,2.0
33,2019_15,2019,3.0
44,2019_15,2019,4.0
77,2019_15,2019,5.0
23,2019_15,2019,6.0
4,2019_15,2019,7.0
10,2019_15,2019,8.0
27,2019_15,2019,9.0
99,2019_15,2019,10.0
8,2019_15,2019,11.0
55,2019_15,2019,12.0
18,2019_15,2019,13.0
3,2019_15,2019,14.0
26,2019_15,2019,15.0
88,2019_15,2019,16.0
20,2019_15,2019,17.0
7,2019_15,2019,18.0
11,2019_15,2019,19.0
63,2019_15,2019,20.0
44,2019_16,2019,1.0
77,2019_16,2019,2.0
16,2019_16,2019,3.0
33,2019_16,2019,4.0
23,2019_16,2019,5.0
55,2019_16,2019,6.0
11,2019_16,2019,7.0
4,2019_16,2019,8.0
20,2019_16,2019,9.0
27,2019_16,2019,10.0
18,2019_16,2019,11.0
26,2019_16,2019,12.0
7,2019_16,2019,13.0
10,2019_16,2019,14.0
99,2019_16,2019,15.0
88,2019_16,2019,16.0
63,2019_16,2019,17.0
5,2019_16,2019,18.0
3,2019_16,2019,19.0
8,2019_16,2019,20.0
77,2019_17,2019,1.0
5,2019_17,2019,2.0
44,2019_17,2019,3.0
23,2019_17,2019,4.0
55,2019_17,2019,5.0
16,2019_17,2019,6.0
10,2019_17,2019,7.0
11,2019_17,2019,8.0
18,2019_17,2019,9.0
26,2019_17,2019,10.0
4,2019_17,2019,11.0
7,2019_17,2019,12.0
8,2019_17,2019,13.0
99,2019_17,2019,14.0
20,2019_17,2019,15.0
63,2019_17,2019,16.0
88,2019_17,2019,17.0
33,2019_17,2019,18.0
3,2019_17,2019,19.0
27,2019_17,2019,20.0
44,2019_18,2019,1.0
5,2019_18,2019,2.0
77,2019_18,2019,3.0
16,2019_18,2019,4.0
23,2019_18,2019,5.0
33,2019_18,2019,6.0
11,2019_18,2019,7.0
3,2019_18,2019,8.0
10,2019_18,2019,9.0
27,2019_18,2019,10.0
26,2019_18,2019,11.0
18,2019_18,2019,12.0
55,2019_18,2019,13.0
99,2019_18,2019,14.0
20,2019_18,2019,15.0
63,2019_18,2019,16.0
8,2019_18,2019,17.0
88,2019_18,2019,18.0
7,2019_18,2019,19.0
4,2019_18,2019,20.0
77,2019_19,2019,1.0
44,2019_19,2019,2.0
33,2019_19,2019,3.0
16,2019_19,2019,4.0
23,2019_19,2019,5.0
3,2019_19,2019,6.0
4,2019_19,2019,7.0
55,2019_19,2019,8.0
27,2019_19,2019,9.0
11,2019_19,2019,10.0
7,2019_19,2019,11.0
26,2019_19,2019,12.0
18,2019_19,2019,13.0
99,2019_19,2019,14.0
8,2019_19,2019,15.0
10,2019_19,2019,16.0
63,2019_19,2019,17.0
20,2019_19,2019,18.0
88,2019_19,2019,19.0
5,2019_19,2019,20.0
33,2019_20,2019,1.0
10,2019_20,2019,2.0
55,2019_20,2019,3.0
7,2019_20,2019,4.0
99,2019_20,2019,5.0
3,2019_20,2019,6.0
44,2019_20,2019,7.0
4,2019_20,2019,8.0
11,2019_20,2019,9.0
26,2019_20,2019,10.0
20,2019_20,2019,11.0
63,2019_20,2019,12.0
8,2019_20,2019,13.0
23,2019_20,2019,14.0
27,2019_20,2019,15.0
88,2019_20,2019,16.0
5,2019_20,2019,17.0
16,2019_20,2019,18.0
18,2019_20,2019,19.0
77,2019_20,2019,20.0
44,2019_21,2019,1.0
33,2019_21,2019,2.0
16,2019_21,2019,3.0
77,2019_21,2019,4.0
5,2019_21,2019,5.0
23,2019_21,2019,6.0
11,2019_21,2019,7.0
4,2019_21,2019,8.0
26,2019_21,2019,9.0
55,2019_21,2019,10.0
3,2019_21,2019,11.0
27,2019_21,2019,12.0
7,2019_21,2019,13.0
20,2019_21,2019,14.0
8,2019_21,2019,15.0
99,2019_21,2019,16.0
63,2019_21,2019,17.0
10,2019_21,2019,18.0
88,2019_21,2019,19.0
18,2019_21,2019,20.0
77,2020_1,2020,1.0
16,2020_1,2020,2.0
4,2020_1,2020,3.0
44,2020_1,2020,4.0
55,2020_1,2020,5.0
11,2020_1,2020,6.0
10,2020_1,2020,7.0
31,2020_1,2020,8.0
99,2020_1,2020,9.0
5,2020_1,2020,10.0
6,2020_1,2020,11.0
26,2020_1,2020,12.0
23,2020_1,2020,13.0
7,2020_1,2020,14.0
63,2020_1,2020,15.0
8,2020_1,2020,16.0
20,2020_1,2020,17.0
18,2020_1,2020,18.0
3,2020_1,2020,19.0
33,2020_1,2020,20.0
44,2020_2,2020,1.0
77,2020_2,2020,2.0
33,2020_2,2020,3.0
23,2020_2,2020,4.0
4,2020_2,2020,5.0
11,2020_2,2020,6.0
18,2020_2,2020,7.0
3,2020_2,2020,8.0
55,2020_2,2020,9.0
26,2020_2,2020,10.0
7,2020_2,2020,11.0
20,2020_2,2020,12.0
8,2020_2,2020,13.0
99,2020_2,2020,14.0
10,2020_2,2020,15.0
63,2020_2,2020,16.0
6,2020_2,2020,17.0
31,2020_2,2020,18.0
16,2020_2,2020,19.0
5,2020_2,2020,20.0
44,2020_3,2020,1.0
33,2020_3,2020,2.0
77,2020_3,2020,3.0
18,2020_3,2020,4.0
23,2020_3,2020,5.0
5,2020_3,2020,6.0
11,2020_3,2020,7.0
3,2020_3,2020,8.0
55,2020_3,2020,9.0
20,2020_3,2020,10.0
16,2020_3,2020,11.0
26,2020_3,2020,12.0
4,2020_3,2020,13.0
31,2020_3,2020,14.0
7,2020_3,2020,15.0
8,2020_3,2020,16.0
99,2020_3,2020,17.0
63,2020_3,2020,18.0
6,2020_3,2020,19.0
10,2020_3,2020,20.0
44,2020_4,2020,1.0
33,2020_4,2020,2.0
16,2020_4,2020,3.0
3,2020_4,2020,4.0
4,2020_4,2020,5.0
31,2020_4,2020,6.0
10,2020_4,2020,7.0
23,2020_4,2020,8.0
18,2020_4,2020,9.0
5,2020_4,2020,10.0
77,2020_4,2020,11.0
63,2020_4,2020,12.0
55,2020_4,2020,13.0
99,2020_4,2020,14.0
6,2020_4,2020,15.0
8,2020_4,2020,16.0
7,2020_4,2020,17.0
26,2020_4,2020,18.0
20,2020_4,2020,19.0
27,2020_4,2020,20.0
33,2020_5,2020,1.0
44,2020_5,2020,2.0
77,2020_5,2020,3.0
16,2020_5,2020,4.0
23,2020_5,2020,5.0
18,2020_5,2020,6.0
27,2020_5,2020,7.0
31,2020_5,2020,8.0
4,2020_5,2020,9.0
26,2020_5,2020,10.0
10,2020_5,2020,11.0
5,2020_5,2020,12.0
55,2020_5,2020,13.0
3,2020_5,2020,14.0
7,2020_5,2020,15.0
8,2020_5,2020,16.0
99,2020_5,2020,17.0
63,2020_5,2020,18.0
6,2020_5,2020,19.0
20,2020_5,2020,20.0
44,2020_6,2020,1.0
33,2020_6,2020,2.0
77,2020_6,2020,3.0
18,2020_6,2020,4.0
11,2020_6,2020,5.0
55,2020_6,2020,6.0
5,2020_6,2020,7.0
23,2020_6,2020,8.0
10,2020_6,2020,9.0
4,2020_6,2020,10.0
3,2020_6,2020,11.0
26,2020_6,2020,12.0
31,2020_6,2020,13.0
7,2020_6,2020,14.0
20,2020_6,2020,15.0
99,2020_6,2020,16.0
63,2020_6,2020,17.0
6,2020_6,2020,18.0
8,2020_6,2020,19.0
16,2020_6,2020,20.0
44,2020_7,2020,1.0
77,2020_7,2020,2.0
33,2020_7,2020,3.0
3,2020_7,2020,4.0
31,2020_7,2020,5.0
23,2020_7,2020,6.0
4,2020_7,2020,7.0
10,2020_7,2020,8.0
18,2020_7,2020,9.0
11,2020_7,2020,10.0
26,2020_7,2020,11.0
7,2020_7,2020,12.0
5,2020_7,2020,13.0
16,2020_7,2020,14.0
8,2020_7,2020,15.0
6,2020_7,2020,16.0
20,2020_7,2020,17.0
99,2020_7,2020,18.0
63,2020_7,2020,19.0
55,2020_7,2020,20.0
10,2020_8,2020,1.0
55,2020_8,2020,2.0
18,2020_8,2020,3.0
4,2020_8,2020,4.0
77,2020_8,2020,5.0
3,2020_8,2020,6.0
44,2020_8,2020,7.0
31,2020_8,2020,8.0
26,2020_8,2020,9.0
11,2020_8,2020,10.0
6,2020_8,2020,11.0
8,2020_8,2020,12.0
7,2020_8,2020,13.0
63,2020_8,2020,14.0
23,2020_8,2020,15.0
99,2020_8,2020,16.0
33,2020_8,2020,17.0
16,2020_8,2020,18.0
20,2020_8,2020,19.0
5,2020_8,2020,20.0
44,2020_9,2020,1.0
77,2020_9,2020,2.0
23,2020_9,2020,3.0
3,2020_9,2020,4.0
11,2020_9,2020,5.0
4,2020_9,2020,6.0
26,2020_9,2020,7.0
16,2020_9,2020,8.0
7,2020_9,2020,9.0
5,2020_9,2020,10.0
63,2020_9,2020,11.0
8,2020_9,2020,12.0
18,2020_9,2020,13.0
31,2020_9,2020,14.0
6,2020_9,2020,15.0
20,2020_9,2020,16.0
99,2020_9,2020,17.0
55,2020_9,2020,18.0
33,2020_9,2020,19.0
10,2020_9,2020,20.0
77,2020_10,2020,1.0
33,2020_10,2020,2.0
44,2020_10,2020,3.0
11,2020_10,2020,4.0
3,2020_10,2020,5.0
16,2020_10,2020,6.0
31,2020_10,2020,7.0
26,2020_10,2020,8.0
10,2020_10,2020,9.0
23,2020_10,2020,10.0
99,2020_10,2020,11.0
20,2020_10,2020,12.0
5,2020_10,2020,13.0
7,2020_10,2020,14.0
4,2020_10,2020,15.0
6,2020_10,2020,16.0
8,2020_10,2020,17.0
63,2020_10,2020,18.0
55,2020_10,2020,19.0
18,2020_10,2020,20.0
44,2020_11,2020,1.0
33,2020_11,2020,2.0
3,2020_11,2020,3.0
11,2020_11,2020,4.0
55,2020_11,2020,5.0
10,2020_11,2020,6.0
16,2020_11,2020,7.0
27,2020_11,2020,8.0
8,2020_11,2020,9.0
99,2020_11,2020,10.0
5,2020_11,2020,11.0
7,2020_11,2020,12.0
20,2020_11,2020,13.0
6,2020_11,2020,14.0
26,2020_11,2020,15.0
4,2020_11,2020,16.0
23,2020_11,2020,17.0
31,2020_11,2020,18.0
77,2020_11,2020,19.0
63,2020_11,2020,20.0
44,2020_12,2020,1.0
77,2020_12,2020,2.0
33,2020_12,2020,3.0
16,2020_12,2020,4.0
10,2020_12,2020,5.0
55,2020_12,2020,6.0
11,2020_12,2020,7.0
31,2020_12,2020,8.0
3,2020_12,2020,9.0
5,2020_12,2020,10.0
7,2020_12,2020,11.0
23,2020_12,2020,12.0
4,2020_12,2020,13.0
63,2020_12,2020,14.0
99,2020_12,2020,15.0
20,2020_12,2020,16.0
8,2020_12,2020,17.0
6,2020_12,2020,18.0
26,2020_12,2020,19.0
18,2020_12,2020,20.0
44,2020_13,2020,1.0
77,2020_13,2020,2.0
3,2020_13,2020,3.0
26,2020_13,2020,4.0
16,2020_13,2020,5.0
11,2020_13,2020,6.0
55,2020_13,2020,7.0
4,2020_13,2020,8.0
7,2020_13,2020,9.0
99,2020_13,2020,10.0
6,2020_13,2020,11.0
5,2020_13,2020,12.0
18,2020_13,2020,13.0
8,2020_13,2020,14.0
23,2020_13,2020,15.0
63,2020_13,2020,16.0
33,2020_13,2020,17.0
20,2020_13,2020,18.0
31,2020_13,2020,19.0
10,2020_13,2020,20.0
44,2020_14,2020,1.0
11,2020_14,2020,2.0
5,2020_14,2020,3.0
16,2020_14,2020,4.0
55,2020_14,2020,5.0
33,2020_14,2020,6.0
23,2020_14,2020,7.0
4,2020_14,2020,8.0
18,2020_14,2020,9.0
3,2020_14,2020,10.0
31,2020_14,2020,11.0
26,2020_14,2020,12.0
10,2020_14,2020,13.0
77,2020_14,2020,14.0
7,2020_14,2020,15.0
63,2020_14,2020,16.0
20,2020_14,2020,17.0
8,2020_14,2020,18.0
6,2020_14,2020,19.0
99,2020_14,2020,20.0
44,2020_15,2020,1.0
33,2020_15,2020,2.0
23,2020_15,2020,3.0
4,2020_15,2020,4.0
55,2020_15,2020,5.0
10,2020_15,2020,6.0
3,2020_15,2020,7.0
77,2020_15,2020,8.0
31,2020_15,2020,9.0
16,2020_15,2020,10.0
26,2020_15,2020,11.0
63,2020_15,2020,12.0
5,2020_15,2020,13.0
6,2020_15,2020,14.0
7,2020_15,2020,15.0
99,2020_15,2020,16.0
20,2020_15,2020,17.0
11,2020_15,2020,18.0
18,2020_15,2020,19.0
8,2020_15,2020,20.0
11,2020_16,2020,1.0
31,2020_16,2020,2.0
18,2020_16,2020,3.0
55,2020_16,2020,4.0
3,2020_16,2020,5.0
23,2020_16,2020,6.0
26,2020_16,2020,7.0
77,2020_16,2020,8.0
63,2020_16,2020,9.0
4,2020_16,2020,10.0
10,2020_16,2020,11.0
5,2020_16,2020,12.0
99,2020_16,2020,13.0
7,2020_16,2020,14.0
20,2020_16,2020,15.0
89,2020_16,2020,16.0
51,2020_16,2020,17.0
6,2020_16,2020,18.0
33,2020_16,2020,19.0
16,2020_16,2020,20.0
33,2020_17,2020,1.0
77,2020_17,2020,2.0
44,2020_17,2020,3.0
23,2020_17,2020,4.0
4,2020_17,2020,5.0
55,2020_17,2020,6.0
3,2020_17,2020,7.0
10,2020_17,2020,8.0
31,2020_17,2020,9.0
18,2020_17,2020,10.0
26,2020_17,2020,11.0
7,2020_17,2020,12.0
16,2020_17,2020,13.0
5,2020_17,2020,14.0
63,2020_17,2020,15.0
99,2020_17,2020,16.0
6,2020_17,2020,17.0
20,2020_17,2020,18.0
51,2020_17,2020,19.0
11,2020_17,2020,20.0
44,2021_1,2021,1.0
33,2021_1,2021,2.0
77,2021_1,2021,3.0
4,2021_1,2021,4.0
11,2021_1,2021,5.0
16,2021_1,2021,6.0
3,2021_1,2021,7.0
55,2021_1,2021,8.0
22,2021_1,2021,9.0
18,2021_1,2021,10.0
7,2021_1,2021,11.0
99,2021_1,2021,12.0
31,2021_1,2021,13.0
63,2021_1,2021,14.0
5,2021_1,2021,15.0
47,2021_1,2021,16.0
10,2021_1,2021,17.0
6,2021_1,2021,18.0
14,2021_1,2021,19.0
9,2021_1,2021,20.0
33,2021_2,2021,1.0
44,2021_2,2021,2.0
4,2021_2,2021,3.0
16,2021_2,2021,4.0
55,2021_2,2021,5.0
3,2021_2,2021,6.0
10,2021_2,2021,7.0
18,2021_2,2021,8.0
31,2021_2,2021,9.0
14,2021_2,2021,10.0
11,2021_2,2021,11.0
22,2021_2,2021,12.0
7,2021_2,2021,13.0
99,2021_2,2021,14.0
5,2021_2,2021,15.0
47,2021_2,2021,16.0
9,2021_2,2021,17.0
77,2021_2,2021,18.0
63,2021_2,2021,19.0
6,2021_2,2021,20.0
44,2021_3,2021,1.0
33,2021_3,2021,2.0
77,2021_3,2021,3.0
11,2021_3,2021,4.0
4,2021_3,2021,5.0
16,2021_3,2021,6.0
31,2021_3,2021,7.0
14,2021_3,2021,8.0
3,2021_3,2021,9.0
10,2021_3,2021,10.0
55,2021_3,2021,11.0
99,2021_3,2021,12.0
5,2021_3,2021,13.0
18,2021_3,2021,14.0
22,2021_3,2021,15.0
63,2021_3,2021,16.0
47,2021_3,2021,17.0
6,2021_3,2021,18.0
9,2021_3,2021,19.0
7,2021_3,2021,20.0
44,2021_4,2021,1.0
33,2021_4,2021,2.0
77,2021_4,2021,3.0
16,2021_4,2021,4.0
11,2021_4,2021,5.0
3,2021_4,2021,6.0
55,2021_4,2021,7.0
4,2021_4,2021,8.0
31,2021_4,2021,9.0
10,2021_4,2021,10.0
18,2021_4,2021,11.0
7,2021_4,2021,12.0
5,2021_4,2021,13.0
63,2021_4,2021,14.0
99,2021_4,2021,15.0
6,2021_4,2021,16.0
14,2021_4,2021,17.0
47,2021_4,2021,18.0
9,2021_4,2021,19.0
22,2021_4,2021,20.0
33,2021_5,2021,1.0
55,2021_5,2021,2.0
4,2021_5,2021,3.0
11,2021_5,2021,4.0
5,2021_5,2021,5.0
10,2021_5,2021,6.0
44,2021_5,2021,7.0
18,2021_5,2021,8.0
31,2021_5,2021,9.0
99,2021_5,2021,10.0
7,2021_5,2021,11.0
3,2021_5,2021,12.0
14,2021_5,2021,13.0
63,2021_5,2021,14.0
6,2021_5,2021,15.0
22,2021_5,2021,16.0
9,2021_5,2021,17.0
47,2021_5,2021,18.0
77,2021_5,2021,19.0
16,2021_5,2021,20.0
11,2021_6,2021,1.0
5,2021_6,2021,2.0
10,2021_6,2021,3.0
16,2021_6,2021,4.0
4,2021_6,2021,5.0
14,2021_6,2021,6.0
22,2021_6,2021,7.0
55,2021_6,2021,8.0
3,2021_6,2021,9.0
7,2021_6,2021,10.0
99,2021_6,2021,11.0
77,2021_6,2021,12.0
47,2021_6,2021,13.0
9,2021_6,2021,14.0
44,2021_6,2021,15.0
6,2021_6,2021,16.0
63,2021_6,2021,17.0
33,2021_6,2021,18.0
18,2021_6,2021,19.0
31,2021_6,2021,20.0
33,2021_7,2021,1.0
44,2021_7,2021,2.0
11,2021_7,2021,3.0
77,2021_7,2021,4.0
4,2021_7,2021,5.0
3,2021_7,2021,6.0
10,2021_7,2021,7.0
14,2021_7,2021,8.0
5,2021_7,2021,9.0
18,2021_7,2021,10.0
55,2021_7,2021,11.0
63,2021_7,2021,12.0
22,2021_7,2021,13.0
31,2021_7,2021,14.0
99,2021_7,2021,15.0
16,2021_7,2021,16.0
7,2021_7,2021,17.0
6,2021_7,2021,18.0
47,2021_7,2021,19.0
9,2021_7,2021,20.0
33,2021_8,2021,1.0
44,2021_8,2021,2.0
77,2021_8,2021,3.0
11,2021_8,2021,4.0
4,2021_8,2021,5.0
55,2021_8,2021,6.0
16,2021_8,2021,7.0
18,2021_8,2021,8.0
14,2021_8,2021,9.0
22,2021_8,2021,10.0
7,2021_8,2021,11.0
5,2021_8,2021,12.0
3,2021_8,2021,13.0
31,2021_8,2021,14.0
99,2021_8,2021,15.0
47,2021_8,2021,16.0
6,2021_8,2021,17.0
9,2021_8,2021,18.0
63,2021_8,2021,19.0
10,2021_8,2021,20.0
33,2021_9,2021,1.0
77,2021_9,2021,2.0
4,2021_9,2021,3.0
44,2021_9,2021,4.0
55,2021_9,2021,5.0
11,2021_9,2021,6.0
3,2021_9,2021,7.0
16,2021_9,2021,8.0
10,2021_9,2021,9.0
14,2021_9,2021,10.0
63,2021_9,2021,11.0
22,2021_9,2021,12.0
18,2021_9,2021,13.0
99,2021_9,2021,14.0
7,2021_9,2021,15.0
6,2021_9,2021,16.0
5,2021_9,2021,17.0
47,2021_9,2021,18.0
9,2021_9,2021,19.0
31,2021_9,2021,20.0
44,2021_10,2021,1.0
16,2021_10,2021,2.0
77,2021_10,2021,3.0
4,2021_10,2021,4.0
3,2021_10,2021,5.0
55,2021_10,2021,6.0
14,2021_10,2021,7.0
18,2021_10,2021,8.0
31,2021_10,2021,9.0
22,2021_10,2021,10.0
10,2021_10,2021,11.0
63,2021_10,2021,12.0
99,2021_10,2021,13.0
6,2021_10,2021,14.0
7,2021_10,2021,15.0
11,2021_10,2021,16.0
9,2021_10,2021,17.0
47,2021_10,2021,18.0
5,2021_10,2021,19.0
33,2021_10,2021,20.0
31,2021_11,2021,1.0
44,2021_11,2021,2.0
55,2021_11,2021,3.0
14,2021_11,2021,4.0
10,2021_11,2021,5.0
22,2021_11,2021,6.0
6,2021_11,2021,7.0
63,2021_11,2021,8.0
33,2021_11,2021,9.0
7,2021_11,2021,10.0
3,2021_11,2021,11.0
47,2021_11,2021,12.0
99,2021_11,2021,13.0
9,2021_11,2021,14.0
4,2021_11,2021,15.0
77,2021_11,2021,16.0
11,2021_11,2021,17.0
16,2021_11,2021,18.0
18,2021_11,2021,19.0
5,2021_11,2021,20.0
33,2021_12,2021,1.0
63,2021_12,2021,2.0
44,2021_12,2021,3.0
3,2021_12,2021,4.0
5,2021_12,2021,5.0
10,2021_12,2021,6.0
31,2021_12,2021,7.0
16,2021_12,2021,8.0
6,2021_12,2021,9.0
55,2021_12,2021,10.0
14,2021_12,2021,11.0
77,2021_12,2021,12.0
99,2021_12,2021,13.0
4,2021_12,2021,14.0
22,2021_12,2021,15.0
47,2021_12,2021,16.0
9,2021_12,2021,17.0
7,2021_12,2021,18.0
11,2021_12,2021,19.0
18,2021_12,2021,20.0
33,2021_13,2021,1.0
44,2021_13,2021,2.0
77,2021_13,2021,3.0
10,2021_13,2021,4.0
16,2021_13,2021,5.0
14,2021_13,2021,6.0
55,2021_13,2021,7.0
11,2021_13,2021,8.0
31,2021_13,2021,9.0
4,2021_13,2021,10.0
3,2021_13,2021,11.0
18,2021_13,2021,12.0
5,2021_13,2021,13.0
99,2021_13,2021,14.0
88,2021_13,2021,15.0
6,2021_13,2021,16.0
63,2021_13,2021,17.0
47,2021_13,2021,18.0
22,2021_13,2021,19.0
9,2021_13,2021,20.0
3,2021_14,2021,1.0
4,2021_14,2021,2.0
77,2021_14,2021,3.0
16,2021_14,2021,4.0
11,2021_14,2021,5.0
55,2021_14,2021,6.0
18,2021_14,2021,7.0
14,2021_14,2021,8.0
63,2021_14,2021,9.0
31,2021_14,2021,10.0
6,2021_14,2021,11.0
5,2021_14,2021,12.0
99,2021_14,2021,13.0
88,2021_14,2021,14.0
47,2021_14,2021,15.0
9,2021_14,2021,16.0
44,2021_14,2021,17.0
33,2021_14,2021,18.0
10,2021_14,2021,19.0
22,2021_14,2021,20.0
44,2021_15,2021,1.0
33,2021_15,2021,2.0
55,2021_15,2021,3.0
3,2021_15,2021,4.0
77,2021_15,2021,5.0
14,2021_15,2021,6.0
4,2021_15,2021,7.0
7,2021_15,2021,8.0
11,2021_15,2021,9.0
63,2021_15,2021,10.0
18,2021_15,2021,11.0
5,2021_15,2021,12.0
10,2021_15,2021,13.0
31,2021_15,2021,14.0
16,2021_15,2021,15.0
99,2021_15,2021,16.0
22,2021_15,2021,17.0
9,2021_15,2021,18.0
6,2021_15,2021,19.0
47,2021_15,2021,20.0
77,2021_16,2021,1.0
33,2021_16,2021,2.0
11,2021_16,2021,3.0
16,2021_16,2021,4.0
44,2021_16,2021,5.0
10,2021_16,2021,6.0
4,2021_16,2021,7.0
55,2021_16,2021,8.0
18,2021_16,2021,9.0
31,2021_16,2021,10.0
99,2021_16,2021,11.0
7,2021_16,2021,12.0
3,2021_16,2021,13.0
22,2021_16,2021,14.0
63,2021_16,2021,15.0
14,2021_16,2021,16.0
6,2021_16,2021,17.0
5,2021_16,2021,18.0
47,2021_16,2021,19.0
9,2021_16,2021,20.0
33,2021_17,2021,1.0
44,2021_17,2021,2.0
11,2021_17,2021,3.0
16,2021_17,2021,4.0
3,2021_17,2021,5.0
77,2021_17,2021,6.0
55,2021_17,2021,7.0
4,2021_17,2021,8.0
22,2021_17,2021,9.0
5,2021_17,2021,10.0
99,2021_17,2021,11.0
18,2021_17,2021,12.0
7,2021_17,2021,13.0
63,2021_17,2021,14.0
6,2021_17,2021,15.0
47,2021_17,2021,16.0
9,2021_17,2021,17.0
14,2021_17,2021,18.0
31,2021_17,2021,19.0
10,2021_17,2021,20.0
33,2021_18,2021,1.0
44,2021_18,2021,2.0
11,2021_18,2021,3.0
10,2021_18,2021,4.0
16,2021_18,2021,5.0
55,2021_18,2021,6.0
5,2021_18,2021,7.0
7,2021_18,2021,8.0
14,2021_18,2021,9.0
4,2021_18,2021,10.0
99,2021_18,2021,11.0
3,2021_18,2021,12.0
31,2021_18,2021,13.0
18,2021_18,2021,14.0
77,2021_18,2021,15.0
63,2021_18,2021,16.0
6,2021_18,2021,17.0
9,2021_18,2021,18.0
47,2021_18,2021,19.0
22,2021_18,2021,20.0
44,2021_19,2021,1.0
33,2021_19,2021,2.0
77,2021_19,2021,3.0
11,2021_19,2021,4.0
16,2021_19,2021,5.0
55,2021_19,2021,6.0
10,2021_19,2021,7.0
31,2021_19,2021,8.0
14,2021_19,2021,9.0
4,2021_19,2021,10.0
5,2021_19,2021,11.0
7,2021_19,2021,12.0
63,2021_19,2021,13.0
99,2021_19,2021,14.0
22,2021_19,2021,15.0
6,2021_19,2021,16.0
9,2021_19,2021,17.0
47,2021_19,2021,18.0
3,2021_19,2021,19.0
18,2021_19,2021,20.0
44,2021_20,2021,1.0
33,2021_20,2021,2.0
14,2021_20,2021,3.0
11,2021_20,2021,4.0
31,2021_20,2021,5.0
18,2021_20,2021,6.0
55,2021_20,2021,7.0
16,2021_20,2021,8.0
4,2021_20,2021,9.0
5,2021_20,2021,10.0
10,2021_20,2021,11.0
3,2021_20,2021,12.0
22,2021_20,2021,13.0
7,2021_20,2021,14.0
99,2021_20,2021,15.0
47,2021_20,2021,16.0
63,2021_20,2021,17.0
9,2021_20,2021,18.0
6,2021_20,2021,19.0
77,2021_20,2021,20.0
44,2021_21,2021,1.0
33,2021_21,2021,2.0
77,2021_21,2021,3.0
31,2021_21,2021,4.0
3,2021_21,2021,5.0
10,2021_21,2021,6.0
16,2021_21,2021,7.0
55,2021_21,2021,8.0
99,2021_21,2021,9.0
4,2021_21,2021,10.0
18,2021_21,2021,11.0
6,2021_21,2021,12.0
14,2021_21,2021,13.0
22,2021_21,2021,14.0
7,2021_21,2021,15.0
5,2021_21,2021,16.0
11,2021_21,2021,17.0
9,2021_21,2021,18.0
63,2021_21,2021,19.0
47,2021_21,2021,20.0
33,2021_22,2021,1.0
44,2021_22,2021,2.0
55,2021_22,2021,3.0
22,2021_22,2021,4.0
10,2021_22,2021,5.0
77,2021_22,2021,6.0
4,2021_22,2021,7.0
14,2021_22,2021,8.0
31,2021_22,2021,9.0
16,2021_22,2021,10.0
5,2021_22,2021,11.0
3,2021_22,2021,12.0
18,2021_22,2021,13.0
47,2021_22,2021,14.0
11,2021_22,2021,15.0
6,2021_22,2021,16.0
99,2021_22,2021,17.0
63,2021_22,2021,18.0
7,2021_22,2021,19.0
9,2021_22,2021,
16,2022_1,2022,1.0
55,2022_1,2022,2.0
44,2022_1,2022,3.0
63,2022_1,2022,4.0
20,2022_1,2022,5.0
77,2022_1,2022,6.0
31,2022_1,2022,7.0
22,2022_1,2022,8.0
14,2022_1,2022,9.0
24,2022_1,2022,10.0
47,2022_1,2022,11.0
18,2022_1,2022,12.0
23,2022_1,2022,13.0
3,2022_1,2022,14.0
4,2022_1,2022,15.0
6,2022_1,2022,16.0
27,2022_1,2022,17.0
11,2022_1,2022,18.0
1,2022_1,2022,19.0
10,2022_1,2022,20.0
1,2022_2,2022,1.0
16,2022_2,2022,2.0
55,2022_2,2022,3.0
11,2022_2,2022,4.0
63,2022_2,2022,5.0
31,2022_2,2022,6.0
4,2022_2,2022,7.0
10,2022_2,2022,8.0
20,2022_2,2022,9.0
44,2022_2,2022,10.0
24,2022_2,2022,11.0
27,2022_2,2022,12.0
18,2022_2,2022,13.0
23,2022_2,2022,14.0
77,2022_2,2022,15.0
14,2022_2,2022,16.0
3,2022_2,2022,17.0
6,2022_2,2022,18.0
22,2022_2,2022,19.0
47,2022_2,2022,
16,2022_3,2022,1.0
11,2022_3,2022,2.0
63,2022_3,2022,3.0
44,2022_3,2022,4.0
4,2022_3,2022,5.0
3,2022_3,2022,6.0
31,2022_3,2022,7.0
77,2022_3,2022,8.0
10,2022_3,2022,9.0
23,2022_3,2022,10.0
24,2022_3,2022,11.0
18,2022_3,2022,12.0
47,2022_3,2022,13.0
20,2022_3,2022,14.0
22,2022_3,2022,15.0
6,2022_3,2022,16.0
14,2022_3,2022,17.0
1,2022_3,2022,18.0
5,2022_3,2022,19.0
55,2022_3,2022,20.0
1,2022_4,2022,1.0
11,2022_4,2022,2.0
4,2022_4,2022,3.0
63,2022_4,2022,4.0
77,2022_4,2022,5.0
16,2022_4,2022,6.0
22,2022_4,2022,7.0
5,2022_4,2022,8.0
20,2022_4,2022,9.0
18,2022_4,2022,10.0
23,2022_4,2022,11.0
10,2022_4,2022,12.0
44,2022_4,2022,13.0
31,2022_4,2022,14.0
24,2022_4,2022,15.0
6,2022_4,2022,16.0
47,2022_4,2022,17.0
3,2022_4,2022,18.0
14,2022_4,2022,19.0
55,2022_4,2022,20.0
1,2022_5,2022,1.0
16,2022_5,2022,2.0
55,2022_5,2022,3.0
11,2022_5,2022,4.0
63,2022_5,2022,5.0
44,2022_5,2022,6.0
77,2022_5,2022,7.0
31,2022_5,2022,8.0
23,2022_5,2022,9.0
18,2022_5,2022,10.0
14,2022_5,2022,11.0
22,2022_5,2022,12.0
3,2022_5,2022,13.0
6,2022_5,2022,14.0
47,2022_5,2022,15.0
20,2022_5,2022,16.0
5,2022_5,2022,17.0
10,2022_5,2022,18.0
4,2022_5,2022,19.0
24,2022_5,2022,20.0
1,2022_6,2022,1.0
11,2022_6,2022,2.0
63,2022_6,2022,3.0
55,2022_6,2022,4.0
44,2022_6,2022,5.0
77,2022_6,2022,6.0
31,2022_6,2022,7.0
4,2022_6,2022,8.0
14,2022_6,2022,9.0
22,2022_6,2022,10.0
5,2022_6,2022,11.0
3,2022_6,2022,12.0
10,2022_6,2022,13.0
47,2022_6,2022,14.0
18,2022_6,2022,15.0
6,2022_6,2022,16.0
20,2022_6,2022,17.0
23,2022_6,2022,18.0
24,2022_6,2022,19.0
16,2022_6,2022,20.0
11,2022_7,2022,1.0
55,2022_7,2022,2.0
1,2022_7,2022,3.0
16,2022_7,2022,4.0
63,2022_7,2022,5.0
4,2022_7,2022,6.0
14,2022_7,2022,7.0
44,2022_7,2022,8.0
77,2022_7,2022,9.0
5,2022_7,2022,10.0
10,2022_7,2022,11.0
31,2022_7,2022,12.0
3,2022_7,2022,13.0
18,2022_7,2022,14.0
6,2022_7,2022,15.0
24,2022_7,2022,16.0
22,2022_7,2022,17.0
23,2022_7,2022,18.0
47,2022_7,2022,19.0
20,2022_7,2022,20.0
1,2022_8,2022,1.0
11,2022_8,2022,2.0
63,2022_8,2022,3.0
44,2022_8,2022,4.0
10,2022_8,2022,5.0
5,2022_8,2022,6.0
14,2022_8,2022,7.0
3,2022_8,2022,8.0
4,2022_8,2022,9.0
31,2022_8,2022,10.0
77,2022_8,2022,11.0
23,2022_8,2022,12.0
22,2022_8,2022,13.0
47,2022_8,2022,14.0
6,2022_8,2022,15.0
18,2022_8,2022,16.0
20,2022_8,2022,17.0
24,2022_8,2022,18.0
16,2022_8,2022,19.0
55,2022_8,2022,20.0
1,2022_9,2022,1.0
55,2022_9,2022,2.0
44,2022_9,2022,3.0
63,2022_9,2022,4.0
16,2022_9,2022,5.0
31,2022_9,2022,6.0
77,2022_9,2022,7.0
24,2022_9,2022,8.0
14,2022_9,2022,9.0
18,2022_9,2022,10.0
3,2022_9,2022,11.0
5,2022_9,2022,12.0
23,2022_9,2022,13.0
10,2022_9,2022,14.0
4,2022_9,2022,15.0
6,2022_9,2022,16.0
20,2022_9,2022,17.0
22,2022_9,2022,18.0
47,2022_9,2022,19.0
11,2022_9,2022,20.0
55,2022_10,2022,1.0
11,2022_10,2022,2.0
44,2022_10,2022,3.0
16,2022_10,2022,4.0
14,2022_10,2022,5.0
4,2022_10,2022,6.0
1,2022_10,2022,7.0
47,2022_10,2022,8.0
5,2022_10,2022,9.0
20,2022_10,2022,10.0
18,2022_10,2022,11.0
6,2022_10,2022,12.0
3,2022_10,2022,13.0
22,2022_10,2022,14.0
31,2022_10,2022,15.0
10,2022_10,2022,16.0
77,2022_10,2022,17.0
63,2022_10,2022,18.0
24,2022_10,2022,19.0
23,2022_10,2022,20.0
16,2022_11,2022,1.0
1,2022_11,2022,2.0
44,2022_11,2022,3.0
63,2022_11,2022,4.0
31,2022_11,2022,5.0
47,2022_11,2022,6.0
4,2022_11,2022,7.0
20,2022_11,2022,8.0
3,2022_11,2022,9.0
14,2022_11,2022,10.0
77,2022_11,2022,11.0
23,2022_11,2022,12.0
18,2022_11,2022,13.0
24,2022_11,2022,14.0
10,2022_11,2022,15.0
22,2022_11,2022,16.0
5,2022_11,2022,17.0
55,2022_11,2022,18.0
6,2022_11,2022,19.0
11,2022_11,2022,20.0
1,2022_12,2022,1.0
44,2022_12,2022,2.0
63,2022_12,2022,3.0
11,2022_12,2022,4.0
55,2022_12,2022,5.0
14,2022_12,2022,6.0
4,2022_12,2022,7.0
31,2022_12,2022,8.0
3,2022_12,2022,9.0
18,2022_12,2022,10.0
5,2022_12,2022,11.0
10,2022_12,2022,12.0
23,2022_12,2022,13.0
77,2022_12,2022,14.0
47,2022_12,2022,15.0
24,2022_12,2022,16.0
6,2022_12,2022,17.0
20,2022_12,2022,18.0
16,2022_12,2022,19.0
22,2022_12,2022,20.0
1,2022_13,2022,1.0
44,2022_13,2022,2.0
63,2022_13,2022,3.0
55,2022_13,2022,4.0
11,2022_13,2022,5.0
16,2022_13,2022,6.0
4,2022_13,2022,7.0
14,2022_13,2022,8.0
31,2022_13,2022,9.0
5,2022_13,2022,10.0
18,2022_13,2022,11.0
10,2022_13,2022,12.0
24,2022_13,2022,13.0
47,2022_13,2022,14.0
3,2022_13,2022,15.0
20,2022_13,2022,16.0
23,2022_13,2022,17.0
6,2022_13,2022,18.0
22,2022_13,2022,19.0
77,2022_13,2022,20.0
1,2022_14,2022,1.0
11,2022_14,2022,2.0
55,2022_14,2022,3.0
63,2022_14,2022,4.0
14,2022_14,2022,5.0
16,2022_14,2022,6.0
31,2022_14,2022,7.0
5,2022_14,2022,8.0
10,2022_14,2022,9.0
23,2022_14,2022,10.0
18,2022_14,2022,11.0
4,2022_14,2022,12.0
22,2022_14,2022,13.0
24,2022_14,2022,14.0
3,2022_14,2022,15.0
20,2022_14,2022,16.0
47,2022_14,2022,17.0
6,2022_14,2022,18.0
77,2022_14,2022,19.0
44,2022_14,2022,20.0
1,2022_15,2022,1.0
63,2022_15,2022,2.0
16,2022_15,2022,3.0
44,2022_15,2022,4.0
11,2022_15,2022,5.0
14,2022_15,2022,6.0
4,2022_15,2022,7.0
55,2022_15,2022,8.0
31,2022_15,2022,9.0
18,2022_15,2022,10.0
10,2022_15,2022,11.0
23,2022_15,2022,12.0
47,2022_15,2022,13.0
5,2022_15,2022,14.0
20,2022_15,2022,15.0
24,2022_15,2022,16.0
3,2022_15,2022,17.0
6,2022_15,2022,18.0
77,2022_15,2022,19.0
22,2022_15,2022,20.0
1,2022_16,2022,1.0
16,2022_16,2022,2.0
63,2022_16,2022,3.0
55,2022_16,2022,4.0
44,2022_16,2022,5.0
11,2022_16,2022,6.0
4,2022_16,2022,7.0
10,2022_16,2022,8.0
45,2022_16,2022,9.0
24,2022_16,2022,10.0
31,2022_16,2022,11.0
47,2022_16,2022,12.0
77,2022_16,2022,13.0
22,2022_16,2022,14.0
6,2022_16,2022,15.0
20,2022_16,2022,16.0
3,2022_16,2022,17.0
18,2022_16,2022,18.0
14,2022_16,2022,19.0
5,2022_16,2022,20.0
11,2022_17,2022,1.0
16,2022_17,2022,2.0
55,2022_17,2022,3.0
4,2022_17,2022,4.0
3,2022_17,2022,5.0
18,2022_17,2022,6.0
1,2022_17,2022,7.0
5,2022_17,2022,8.0
44,2022_17,2022,9.0
10,2022_17,2022,10.0
77,2022_17,2022,11.0
20,2022_17,2022,12.0
47,2022_17,2022,13.0
63,2022_17,2022,14.0
22,2022_17,2022,15.0
31,2022_17,2022,16.0
23,2022_17,2022,17.0
14,2022_17,2022,18.0
6,2022_17,2022,19.0
24,2022_17,2022,20.0
1,2022_18,2022,1.0
11,2022_18,2022,2.0
16,2022_18,2022,3.0
31,2022_18,2022,4.0
44,2022_18,2022,5.0
5,2022_18,2022,6.0
14,2022_18,2022,7.0
63,2022_18,2022,8.0
6,2022_18,2022,9.0
4,2022_18,2022,10.0
3,2022_18,2022,11.0
18,2022_18,2022,12.0
22,2022_18,2022,13.0
20,2022_18,2022,14.0
77,2022_18,2022,15.0
24,2022_18,2022,16.0
47,2022_18,2022,17.0
10,2022_18,2022,18.0
55,2022_18,2022,19.0
23,2022_18,2022,20.0
1,2022_19,2022,1.0
44,2022_19,2022,2.0
16,2022_19,2022,3.0
11,2022_19,2022,4.0
63,2022_19,2022,5.0
4,2022_19,2022,6.0
14,2022_19,2022,7.0
5,2022_19,2022,8.0
20,2022_19,2022,9.0
22,2022_19,2022,10.0
31,2022_19,2022,11.0
24,2022_19,2022,12.0
23,2022_19,2022,13.0
10,2022_19,2022,14.0
47,2022_19,2022,15.0
3,2022_19,2022,16.0
6,2022_19,2022,17.0
18,2022_19,2022,18.0
77,2022_19,2022,19.0
55,2022_19,2022,20.0
1,2022_20,2022,1.0
44,2022_20,2022,2.0
11,2022_20,2022,3.0
63,2022_20,2022,4.0
55,2022_20,2022,5.0
16,2022_20,2022,6.0
3,2022_20,2022,7.0
31,2022_20,2022,8.0
4,2022_20,2022,9.0
77,2022_20,2022,10.0
10,2022_20,2022,11.0
23,2022_20,2022,12.0
24,2022_20,2022,13.0
5,2022_20,2022,14.0
18,2022_20,2022,15.0
47,2022_20,2022,16.0
20,2022_20,2022,17.0
6,2022_20,2022,18.0
14,2022_20,2022,19.0
22,2022_20,2022,20.0
63,2022_21,2022,1.0
44,2022_21,2022,2.0
55,2022_21,2022,3.0
16,2022_21,2022,4.0
14,2022_21,2022,5.0
1,2022_21,2022,6.0
11,2022_21,2022,7.0
31,2022_21,2022,8.0
77,2022_21,2022,9.0
18,2022_21,2022,10.0
5,2022_21,2022,11.0
24,2022_21,2022,12.0
47,2022_21,2022,13.0
10,2022_21,2022,14.0
23,2022_21,2022,15.0
6,2022_21,2022,16.0
22,2022_21,2022,17.0
4,2022_21,2022,18.0
20,2022_21,2022,19.0
3,2022_21,2022,20.0
1,2022_22,2022,1.0
16,2022_22,2022,2.0
11,2022_22,2022,3.0
55,2022_22,2022,4.0
63,2022_22,2022,5.0
4,2022_22,2022,6.0
31,2022_22,2022,7.0
18,2022_22,2022,8.0
3,2022_22,2022,9.0
5,2022_22,2022,10.0
22,2022_22,2022,11.0
24,2022_22,2022,12.0
23,2022_22,2022,13.0
10,2022_22,2022,14.0
77,2022_22,2022,15.0
47,2022_22,2022,16.0
20,2022_22,2022,17.0
44,2022_22,2022,18.0
6,2022_22,2022,19.0
14,2022_22,2022,20.0
1,2023_1,2023,1.0
11,2023_1,2023,2.0
14,2023_1,2023,3.0
55,2023_1,2023,4.0
44,2023_1,2023,5.0
18,2023_1,2023,6.0
63,2023_1,2023,7.0
77,2023_1,2023,8.0
10,2023_1,2023,9.0
23,2023_1,2023,10.0
22,2023_1,2023,11.0
2,2023_1,2023,12.0
20,2023_1,2023,13.0
21,2023_1,2023,14.0
27,2023_1,2023,15.0
24,2023_1,2023,16.0
4,2023_1,2023,17.0
31,2023_1,2023,18.0
16,2023_1,2023,19.0
81,2023_1,2023,20.0
11,2023_2,2023,1.0
1,2023_2,2023,2.0
14,2023_2,2023,3.0
63,2023_2,2023,4.0
44,2023_2,2023,5.0
55,2023_2,2023,6.0
16,2023_2,2023,7.0
31,2023_2,2023,8.0
10,2023_2,2023,9.0
20,2023_2,2023,10.0
22,2023_2,2023,11.0
27,2023_2,2023,12.0
24,2023_2,2023,13.0
21,2023_2,2023,14.0
81,2023_2,2023,15.0
2,2023_2,2023,16.0
4,2023_2,2023,17.0
77,2023_2,2023,18.0
23,2023_2,2023,19.0
18,2023_2,2023,20.0
1,2023_3,2023,1.0
44,2023_3,2023,2.0
14,2023_3,2023,3.0
18,2023_3,2023,4.0
11,2023_3,2023,5.0
4,2023_3,2023,6.0
27,2023_3,2023,7.0
81,2023_3,2023,8.0
24,2023_3,2023,9.0
22,2023_3,2023,10.0
77,2023_3,2023,11.0
55,2023_3,2023,12.0
10,2023_3,2023,13.0
31,2023_3,2023,14.0
21,2023_3,2023,15.0
2,2023_3,2023,16.0
20,2023_3,2023,17.0
63,2023_3,2023,18.0
23,2023_3,2023,19.0
16,2023_3,2023,20.0
11,2023_4,2023,1.0
1,2023_4,2023,2.0
16,2023_4,2023,3.0
14,2023_4,2023,4.0
55,2023_4,2023,5.0
44,2023_4,2023,6.0
18,2023_4,2023,7.0
63,2023_4,2023,8.0
4,2023_4,2023,9.0
22,2023_4,2023,10.0
81,2023_4,2023,11.0
23,2023_4,2023,12.0
20,2023_4,2023,13.0
10,2023_4,2023,14.0
31,2023_4,2023,15.0
2,2023_4,2023,16.0
27,2023_4,2023,17.0
77,2023_4,2023,18.0
24,2023_4,2023,19.0
21,2023_4,2023,20.0
1,2023_5,2023,1.0
11,2023_5,2023,2.0
14,2023_5,2023,3.0
63,2023_5,2023,4.0
55,2023_5,2023,5.0
44,2023_5,2023,6.0
16,2023_5,2023,7.0
10,2023_5,2023,8.0
31,2023_5,2023,9.0
20,2023_5,2023,10.0
22,2023_5,2023,11.0
18,2023_5,2023,12.0
77,2023_5,2023,13.0
23,2023_5,2023,14.0
27,2023_5,2023,15.0
24,2023_5,2023,16.0
4,2023_5,2023,17.0
21,2023_5,2023,18.0
81,2023_5,2023,19.0
2,2023_5,2023,20.0
1,2023_6,2023,1.0
14,2023_6,2023,2.0
31,2023_6,2023,3.0
44,2023_6,2023,4.0
63,2023_6,2023,5.0
16,2023_6,2023,6.0
10,2023_6,2023,7.0
55,2023_6,2023,8.0
4,2023_6,2023,9.0
81,2023_6,2023,10.0
77,2023_6,2023,11.0
21,2023_6,2023,12.0
24,2023_6,2023,13.0
23,2023_6,2023,14.0
22,2023_6,2023,15.0
11,2023_6,2023,16.0
27,2023_6,2023,17.0
2,2023_6,2023,18.0
20,2023_6,2023,19.0
18,2023_6,2023,20.0
1,2023_7,2023,1.0
44,2023_7,2023,2.0
63,2023_7,2023,3.0
11,2023_7,2023,4.0
55,2023_7,2023,5.0
18,2023_7,2023,6.0
14,2023_7,2023,7.0
31,2023_7,2023,8.0
24,2023_7,2023,9.0
10,2023_7,2023,10.0
16,2023_7,2023,11.0
22,2023_7,2023,12.0
81,2023_7,2023,13.0
21,2023_7,2023,14.0
27,2023_7,2023,15.0
23,2023_7,2023,16.0
4,2023_7,2023,17.0
20,2023_7,2023,18.0
77,2023_7,2023,19.0
2,2023_7,2023,20.0
1,2023_8,2023,1.0
14,2023_8,2023,2.0
44,2023_8,2023,3.0
16,2023_8,2023,4.0
55,2023_8,2023,5.0
11,2023_8,2023,6.0
23,2023_8,2023,7.0
31,2023_8,2023,8.0
18,2023_8,2023,9.0
77,2023_8,2023,10.0
81,2023_8,2023,11.0
10,2023_8,2023,12.0
4,2023_8,2023,13.0
22,2023_8,2023,14.0
27,2023_8,2023,15.0
24,2023_8,2023,16.0
20,2023_8,2023,17.0
21,2023_8,2023,18.0
63,2023_8,2023,19.0
2,2023_8,2023,20.0
1,2023_9,2023,1.0
16,2023_9,2023,2.0
11,2023_9,2023,3.0
4,2023_9,2023,4.0
14,2023_9,2023,5.0
55,2023_9,2023,6.0
63,2023_9,2023,7.0
44,2023_9,2023,8.0
18,2023_9,2023,9.0
10,2023_9,2023,10.0
23,2023_9,2023,11.0
24,2023_9,2023,12.0
2,2023_9,2023,13.0
31,2023_9,2023,14.0
77,2023_9,2023,15.0
81,2023_9,2023,16.0
21,2023_9,2023,17.0
20,2023_9,2023,18.0
22,2023_9,2023,19.0
27,2023_9,2023,20.0
1,2023_10,2023,1.0
4,2023_10,2023,2.0
44,2023_10,2023,3.0
81,2023_10,2023,4.0
63,2023_10,2023,5.0
11,2023_10,2023,6.0
14,2023_10,2023,7.0
23,2023_10,2023,8.0
16,2023_10,2023,9.0
55,2023_10,2023,10.0
2,2023_10,2023,11.0
77,2023_10,2023,12.0
27,2023_10,2023,13.0
18,2023_10,2023,14.0
24,2023_10,2023,15.0
22,2023_10,2023,16.0
21,2023_10,2023,17.0
10,2023_10,2023,18.0
20,2023_10,2023,19.0
31,2023_10,2023,20.0
1,2023_11,2023,1.0
4,2023_11,2023,2.0
11,2023_11,2023,3.0
44,2023_11,2023,4.0
81,2023_11,2023,5.0
63,2023_11,2023,6.0
16,2023_11,2023,7.0
55,2023_11,2023,8.0
14,2023_11,2023,9.0
18,2023_11,2023,10.0
23,2023_11,2023,11.0
77,2023_11,2023,12.0
3,2023_11,2023,13.0
27,2023_11,2023,14.0
22,2023_11,2023,15.0
24,2023_11,2023,16.0
20,2023_11,2023,17.0
2,2023_11,2023,18.0
31,2023_11,2023,19.0
10,2023_11,2023,20.0
1,2023_12,2023,1.0
11,2023_12,2023,2.0
16,2023_12,2023,3.0
44,2023_12,2023,4.0
14,2023_12,2023,5.0
63,2023_12,2023,6.0
4,2023_12,2023,7.0
31,2023_12,2023,8.0
18,2023_12,2023,9.0
22,2023_12,2023,10.0
10,2023_12,2023,11.0
77,2023_12,2023,12.0
24,2023_12,2023,13.0
23,2023_12,2023,14.0
20,2023_12,2023,15.0
3,2023_12,2023,16.0
2,2023_12,2023,17.0
27,2023_12,2023,18.0
55,2023_12,2023,19.0
81,2023_12,2023,20.0
1,2023_13,2023,1.0
14,2023_13,2023,2.0
10,2023_13,2023,3.0
11,2023_13,2023,4.0
55,2023_13,2023,5.0
44,2023_13,2023,6.0
4,2023_13,2023,7.0
23,2023_13,2023,8.0
81,2023_13,2023,9.0
31,2023_13,2023,10.0
18,2023_13,2023,11.0
27,2023_13,2023,12.0
40,2023_13,2023,13.0
77,2023_13,2023,14.0
22,2023_13,2023,15.0
20,2023_13,2023,16.0
63,2023_13,2023,17.0
24,2023_13,2023,18.0
16,2023_13,2023,19.0
2,2023_13,2023,20.0
1,2023_14,2023,1.0
11,2023_14,2023,2.0
55,2023_14,2023,3.0
16,2023_14,2023,4.0
63,2023_14,2023,5.0
44,2023_14,2023,6.0
23,2023_14,2023,7.0
4,2023_14,2023,8.0
14,2023_14,2023,9.0
77,2023_14,2023,10.0
40,2023_14,2023,11.0
81,2023_14,2023,12.0
2,2023_14,2023,13.0
24,2023_14,2023,14.0
10,2023_14,2023,15.0
18,2023_14,2023,16.0
27,2023_14,2023,17.0
20,2023_14,2023,18.0
31,2023_14,2023,19.0
22,2023_14,2023,20.0
55,2023_15,2023,1.0
4,2023_15,2023,2.0
44,2023_15,2023,3.0
16,2023_15,2023,4.0
1,2023_15,2023,5.0
10,2023_15,2023,6.0
81,2023_15,2023,7.0
11,2023_15,2023,8.0
40,2023_15,2023,9.0
20,2023_15,2023,10.0
23,2023_15,2023,11.0
24,2023_15,2023,12.0
27,2023_15,2023,13.0
2,2023_15,2023,14.0
14,2023_15,2023,15.0
63,2023_15,2023,16.0
77,2023_15,2023,17.0
31,2023_15,2023,18.0
22,2023_15,2023,19.0
18,2023_15,2023,
1,2023_16,2023,1.0
4,2023_16,2023,2.0
81,2023_16,2023,3.0
16,2023_16,2023,4.0
44,2023_16,2023,5.0
55,2023_16,2023,6.0
63,2023_16,2023,7.0
14,2023_16,2023,8.0
31,2023_16,2023,9.0
10,2023_16,2023,10.0
40,2023_16,2023,11.0
22,2023_16,2023,12.0
24,2023_16,2023,13.0
27,2023_16,2023,14.0
20,2023_16,2023,15.0
23,2023_16,2023,16.0
2,2023_16,2023,17.0
18,2023_16,2023,18.0
11,2023_16,2023,19.0
77,2023_16,2023,20.0
1,2023_17,2023,1.0
81,2023_17,2023,2.0
4,2023_17,2023,3.0
63,2023_17,2023,4.0
16,2023_17,2023,5.0
14,2023_17,2023,6.0
31,2023_17,2023,7.0
77,2023_17,2023,8.0
24,2023_17,2023,9.0
11,2023_17,2023,10.0
18,2023_17,2023,11.0
10,2023_17,2023,12.0
23,2023_17,2023,13.0
20,2023_17,2023,14.0
22,2023_17,2023,15.0
27,2023_17,2023,16.0
40,2023_17,2023,17.0
2,2023_17,2023,18.0
44,2023_17,2023,19.0
55,2023_17,2023,20.0
1,2023_18,2023,1.0
4,2023_18,2023,2.0
55,2023_18,2023,3.0
11,2023_18,2023,4.0
63,2023_18,2023,5.0
10,2023_18,2023,6.0
18,2023_18,2023,7.0
22,2023_18,2023,8.0
23,2023_18,2023,9.0
2,2023_18,2023,10.0
27,2023_18,2023,11.0
77,2023_18,2023,12.0
24,2023_18,2023,13.0
20,2023_18,2023,14.0
3,2023_18,2023,15.0
14,2023_18,2023,16.0
81,2023_18,2023,17.0
31,2023_18,2023,18.0
44,2023_18,2023,19.0
16,2023_18,2023,20.0
1,2023_19,2023,1.0
44,2023_19,2023,2.0
16,2023_19,2023,3.0
55,2023_19,2023,4.0
4,2023_19,2023,5.0
63,2023_19,2023,6.0
3,2023_19,2023,7.0
81,2023_19,2023,8.0
23,2023_19,2023,9.0
31,2023_19,2023,10.0
10,2023_19,2023,11.0
22,2023_19,2023,12.0
27,2023_19,2023,13.0
24,2023_19,2023,14.0
77,2023_19,2023,15.0
2,2023_19,2023,16.0
18,2023_19,2023,17.0
14,2023_19,2023,18.0
20,2023_19,2023,19.0
11,2023_19,2023,20.0
1,2023_20,2023,1.0
4,2023_20,2023,2.0
14,2023_20,2023,3.0
11,2023_20,2023,4.0
18,2023_20,2023,5.0
55,2023_20,2023,6.0
10,2023_20,2023,7.0
44,2023_20,2023,8.0
22,2023_20,2023,9.0
31,2023_20,2023,10.0
2,2023_20,2023,11.0
27,2023_20,2023,12.0
3,2023_20,2023,13.0
81,2023_20,2023,14.0
63,2023_20,2023,15.0
77,2023_20,2023,16.0
24,2023_20,2023,17.0
20,2023_20,2023,18.0
23,2023_20,2023,19.0
16,2023_20,2023,20.0
1,2023_21,2023,1.0
16,2023_21,2023,2.0
11,2023_21,2023,3.0
31,2023_21,2023,4.0
18,2023_21,2023,5.0
55,2023_21,2023,6.0
44,2023_21,2023,7.0
63,2023_21,2023,8.0
14,2023_21,2023,9.0
81,2023_21,2023,10.0
10,2023_21,2023,11.0
23,2023_21,2023,12.0
20,2023_21,2023,13.0
3,2023_21,2023,14.0
24,2023_21,2023,15.0
2,2023_21,2023,16.0
77,2023_21,2023,17.0
22,2023_21,2023,18.0
27,2023_21,2023,19.0
4,2023_21,2023,20.0
1,2023_22,2023,1.0
16,2023_22,2023,2.0
63,2023_22,2023,3.0
11,2023_22,2023,4.0
4,2023_22,2023,5.0
81,2023_22,2023,6.0
14,2023_22,2023,7.0
22,2023_22,2023,8.0
44,2023_22,2023,9.0
18,2023_22,2023,10.0
3,2023_22,2023,11.0
31,2023_22,2023,12.0
10,2023_22,2023,13.0
23,2023_22,2023,14.0
27,2023_22,2023,15.0
2,2023_22,2023,16.0
24,2023_22,2023,17.0
55,2023_22,2023,18.0
77,2023_22,2023,19.0
20,2023_22,2023,20.0
1,2024_1,2024,1.0
11,2024_1,2024,2.0
55,2024_1,2024,3.0
16,2024_1,2024,4.0
63,2024_1,2024,5.0
4,2024_1,2024,6.0
44,2024_1,2024,7.0
81,2024_1,2024,8.0
14,2024_1,2024,9.0
18,2024_1,2024,10.0
24,2024_1,2024,11.0
20,2024_1,2024,12.0
3,2024_1,2024,13.0
22,2024_1,2024,14.0
23,2024_1,2024,15.0
27,2024_1,2024,16.0
31,2024_1,2024,17.0
10,2024_1,2024,18.0
77,2024_1,2024,19.0
2,2024_1,2024,20.0
1,2024_2,2024,1.0
11,2024_2,2024,2.0
16,2024_2,2024,3.0
81,2024_2,2024,4.0
14,2024_2,2024,5.0
63,2024_2,2024,6.0
38,2024_2,2024,7.0
4,2024_2,2024,8.0
44,2024_2,2024,9.0
27,2024_2,2024,10.0
23,2024_2,2024,11.0
20,2024_2,2024,12.0
31,2024_2,2024,13.0
2,2024_2,2024,14.0
22,2024_2,2024,15.0
3,2024_2,2024,16.0
77,2024_2,2024,17.0
24,2024_2,2024,18.0
18,2024_2,2024,19.0
10,2024_2,2024,20.0
55,2024_3,2024,1.0
16,2024_3,2024,2.0
4,2024_3,2024,3.0
81,2024_3,2024,4.0
11,2024_3,2024,5.0
18,2024_3,2024,6.0
22,2024_3,2024,7.0
14,2024_3,2024,8.0
27,2024_3,2024,9.0
20,2024_3,2024,10.0
23,2024_3,2024,11.0
3,2024_3,2024,12.0
10,2024_3,2024,13.0
77,2024_3,2024,14.0
24,2024_3,2024,15.0
31,2024_3,2024,16.0
63,2024_3,2024,17.0
44,2024_3,2024,18.0
1,2024_3,2024,19.0
1,2024_4,2024,1.0
11,2024_4,2024,2.0
55,2024_4,2024,3.0
16,2024_4,2024,4.0
4,2024_4,2024,5.0
14,2024_4,2024,6.0
63,2024_4,2024,7.0
81,2024_4,2024,8.0
44,2024_4,2024,9.0
22,2024_4,2024,10.0
27,2024_4,2024,11.0
18,2024_4,2024,12.0
20,2024_4,2024,13.0
77,2024_4,2024,14.0
31,2024_4,2024,15.0
10,2024_4,2024,16.0
2,2024_4,2024,17.0
24,2024_4,2024,18.0
3,2024_4,2024,19.0
23,2024_4,2024,20.0
1,2024_5,2024,1.0
4,2024_5,2024,2.0
11,2024_5,2024,3.0
16,2024_5,2024,4.0
55,2024_5,2024,5.0
63,2024_5,2024,6.0
14,2024_5,2024,7.0
81,2024_5,2024,8.0
44,2024_5,2024,9.0
27,2024_5,2024,10.0
31,2024_5,2024,11.0
23,2024_5,2024,12.0
10,2024_5,2024,13.0
24,2024_5,2024,14.0
18,2024_5,2024,15.0
20,2024_5,2024,16.0
2,2024_5,2024,17.0
3,2024_5,2024,18.0
22,2024_5,2024,19.0
77,2024_5,2024,20.0
4,2024_6,2024,1.0
1,2024_6,2024,2.0
16,2024_6,2024,3.0
11,2024_6,2024,4.0
55,2024_6,2024,5.0
44,2024_6,2024,6.0
22,2024_6,2024,7.0
63,2024_6,2024,8.0
14,2024_6,2024,9.0
31,2024_6,2024,10.0
27,2024_6,2024,11.0
10,2024_6,2024,12.0
81,2024_6,2024,13.0
24,2024_6,2024,14.0
3,2024_6,2024,15.0
77,2024_6,2024,16.0
18,2024_6,2024,17.0
23,2024_6,2024,18.0
20,2024_6,2024,19.0
2,2024_6,2024,20.0
1,2024_7,2024,1.0
4,2024_7,2024,2.0
16,2024_7,2024,3.0
81,2024_7,2024,4.0
55,2024_7,2024,5.0
44,2024_7,2024,6.0
63,2024_7,2024,7.0
11,2024_7,2024,8.0
18,2024_7,2024,9.0
22,2024_7,2024,10.0
27,2024_7,2024,11.0
20,2024_7,2024,12.0
3,2024_7,2024,13.0
31,2024_7,2024,14.0
24,2024_7,2024,15.0
10,2024_7,2024,16.0
2,2024_7,2024,17.0
77,2024_7,2024,18.0
14,2024_7,2024,19.0
23,2024_7,2024,20.0
16,2024_8,2024,1.0
81,2024_8,2024,2.0
55,2024_8,2024,3.0
4,2024_8,2024,4.0
63,2024_8,2024,5.0
1,2024_8,2024,6.0
44,2024_8,2024,7.0
22,2024_8,2024,8.0
23,2024_8,2024,9.0
10,2024_8,2024,10.0
14,2024_8,2024,11.0
3,2024_8,2024,12.0
77,2024_8,2024,13.0
18,2024_8,2024,14.0
2,2024_8,2024,15.0
24,2024_8,2024,16.0
31,2024_8,2024,17.0
11,2024_8,2024,18.0
27,2024_8,2024,19.0
20,2024_8,2024,20.0
1,2024_9,2024,1.0
4,2024_9,2024,2.0
63,2024_9,2024,3.0
44,2024_9,2024,4.0
81,2024_9,2024,5.0
14,2024_9,2024,6.0
18,2024_9,2024,7.0
3,2024_9,2024,8.0
10,2024_9,2024,9.0
31,2024_9,2024,10.0
27,2024_9,2024,11.0
20,2024_9,2024,12.0
77,2024_9,2024,13.0
22,2024_9,2024,14.0
24,2024_9,2024,15.0
55,2024_9,2024,16.0
23,2024_9,2024,17.0
11,2024_9,2024,18.0
16,2024_9,2024,19.0
2,2024_9,2024,20.0
1,2024_10,2024,1.0
4,2024_10,2024,2.0
44,2024_10,2024,3.0
63,2024_10,2024,4.0
16,2024_10,2024,5.0
55,2024_10,2024,6.0
81,2024_10,2024,7.0
11,2024_10,2024,8.0
10,2024_10,2024,9.0
31,2024_10,2024,10.0
27,2024_10,2024,11.0
14,2024_10,2024,12.0
24,2024_10,2024,13.0
18,2024_10,2024,14.0
3,2024_10,2024,15.0
77,2024_10,2024,16.0
20,2024_10,2024,17.0
23,2024_10,2024,18.0
22,2024_10,2024,19.0
2,2024_10,2024,20.0
63,2024_11,2024,1.0
81,2024_11,2024,2.0
55,2024_11,2024,3.0
44,2024_11,2024,4.0
1,2024_11,2024,5.0
27,2024_11,2024,6.0
11,2024_11,2024,7.0
20,2024_11,2024,8.0
3,2024_11,2024,9.0
10,2024_11,2024,10.0
16,2024_11,2024,11.0
31,2024_11,2024,12.0
18,2024_11,2024,13.0
22,2024_11,2024,14.0
23,2024_11,2024,15.0
77,2024_11,2024,16.0
24,2024_11,2024,17.0
14,2024_11,2024,18.0
2,2024_11,2024,19.0
4,2024_11,2024,20.0
44,2024_12,2024,1.0
1,2024_12,2024,2.0
4,2024_12,2024,3.0
81,2024_12,2024,4.0
55,2024_12,2024,5.0
27,2024_12,2024,6.0
18,2024_12,2024,7.0
14,2024_12,2024,8.0
23,2024_12,2024,9.0
22,2024_12,2024,10.0
2,2024_12,2024,11.0
20,2024_12,2024,12.0
3,2024_12,2024,13.0
16,2024_12,2024,14.0
77,2024_12,2024,15.0
31,2024_12,2024,16.0
11,2024_12,2024,17.0
24,2024_12,2024,18.0
63,2024_12,2024,19.0
10,2024_12,2024,20.0
81,2024_13,2024,1.0
4,2024_13,2024,2.0
44,2024_13,2024,3.0
16,2024_13,2024,4.0
1,2024_13,2024,5.0
55,2024_13,2024,6.0
11,2024_13,2024,7.0
63,2024_13,2024,8.0
22,2024_13,2024,9.0
18,2024_13,2024,10.0
14,2024_13,2024,11.0
3,2024_13,2024,12.0
27,2024_13,2024,13.0
23,2024_13,2024,14.0
20,2024_13,2024,15.0
77,2024_13,2024,16.0
2,2024_13,2024,17.0
31,2024_13,2024,18.0
24,2024_13,2024,19.0
10,2024_13,2024,20.0
44,2024_14,2024,1.0
81,2024_14,2024,2.0
16,2024_14,2024,3.0
1,2024_14,2024,4.0
4,2024_14,2024,5.0
55,2024_14,2024,6.0
11,2024_14,2024,7.0
14,2024_14,2024,8.0
31,2024_14,2024,9.0
3,2024_14,2024,10.0
18,2024_14,2024,11.0
23,2024_14,2024,12.0
10,2024_14,2024,13.0
20,2024_14,2024,14.0
77,2024_14,2024,15.0
22,2024_14,2024,16.0
2,2024_14,2024,17.0
27,2024_14,2024,18.0
24,2024_14,2024,19.0
63,2024_14,2024,20.0
4,2024_15,2024,1.0
1,2024_15,2024,2.0
16,2024_15,2024,3.0
81,2024_15,2024,4.0
55,2024_15,2024,5.0
11,2024_15,2024,6.0
63,2024_15,2024,7.0
44,2024_15,2024,8.0
10,2024_15,2024,9.0
14,2024_15,2024,10.0
27,2024_15,2024,11.0
3,2024_15,2024,12.0
18,2024_15,2024,13.0
23,2024_15,2024,14.0
31,2024_15,2024,15.0
2,2024_15,2024,16.0
22,2024_15,2024,17.0
20,2024_15,2024,18.0
77,2024_15,2024,19.0
24,2024_15,2024,20.0
16,2024_16,2024,1.0
81,2024_16,2024,2.0
4,2024_16,2024,3.0
55,2024_16,2024,4.0
44,2024_16,2024,5.0
1,2024_16,2024,6.0
63,2024_16,2024,7.0
11,2024_16,2024,8.0
23,2024_16,2024,9.0
20,2024_16,2024,10.0
14,2024_16,2024,11.0
43,2024_16,2024,12.0
3,2024_16,2024,13.0
31,2024_16,2024,14.0
10,2024_16,2024,15.0
77,2024_16,2024,16.0
27,2024_16,2024,17.0
24,2024_16,2024,18.0
18,2024_16,2024,19.0
22,2024_16,2024,20.0
81,2024_17,2024,1.0
16,2024_17,2024,2.0
63,2024_17,2024,3.0
4,2024_17,2024,4.0
1,2024_17,2024,5.0
14,2024_17,2024,6.0
23,2024_17,2024,7.0
43,2024_17,2024,8.0
44,2024_17,2024,9.0
50,2024_17,2024,10.0
27,2024_17,2024,11.0
10,2024_17,2024,12.0
3,2024_17,2024,13.0
24,2024_17,2024,14.0
31,2024_17,2024,15.0
77,2024_17,2024,16.0
11,2024_17,2024,17.0
55,2024_17,2024,18.0
18,2024_17,2024,19.0
22,2024_17,2024,20.0
4,2024_18,2024,1.0
1,2024_18,2024,2.0
81,2024_18,2024,3.0
63,2024_18,2024,4.0
16,2024_18,2024,5.0
44,2024_18,2024,6.0
55,2024_18,2024,7.0
14,2024_18,2024,8.0
27,2024_18,2024,9.0
11,2024_18,2024,10.0
43,2024_18,2024,11.0
22,2024_18,2024,12.0
31,2024_18,2024,13.0
18,2024_18,2024,14.0
24,2024_18,2024,15.0
77,2024_18,2024,16.0
10,2024_18,2024,17.0
3,2024_18,2024,18.0
20,2024_18,2024,19.0
23,2024_18,2024,20.0
16,2024_19,2024,1.0
55,2024_19,2024,2.0
1,2024_19,2024,3.0
4,2024_19,2024,4.0
81,2024_19,2024,5.0
63,2024_19,2024,6.0
11,2024_19,2024,7.0
27,2024_19,2024,8.0
30,2024_19,2024,9.0
43,2024_19,2024,10.0
20,2024_19,2024,11.0
10,2024_19,2024,12.0
14,2024_19,2024,13.0
22,2024_19,2024,14.0
18,2024_19,2024,15.0
23,2024_19,2024,16.0
77,2024_19,2024,17.0
31,2024_19,2024,18.0
24,2024_19,2024,19.0
44,2024_19,2024,20.0
55,2024_20,2024,1.0
4,2024_20,2024,2.0
16,2024_20,2024,3.0
44,2024_20,2024,4.0
63,2024_20,2024,5.0
1,2024_20,2024,6.0
20,2024_20,2024,7.0
81,2024_20,2024,8.0
27,2024_20,2024,9.0
10,2024_20,2024,10.0
18,2024_20,2024,11.0
43,2024_20,2024,12.0
31,2024_20,2024,13.0
77,2024_20,2024,14.0
24,2024_20,2024,15.0
30,2024_20,2024,16.0
11,2024_20,2024,17.0
14,2024_20,2024,18.0
23,2024_20,2024,19.0
22,2024_20,2024,20.0
1,2024_21,2024,1.0
31,2024_21,2024,2.0
10,2024_21,2024,3.0
63,2024_21,2024,4.0
16,2024_21,2024,5.0
4,2024_21,2024,6.0
22,2024_21,2024,7.0
81,2024_21,2024,8.0
30,2024_21,2024,9.0
44,2024_21,2024,10.0
11,2024_21,2024,11.0
50,2024_21,2024,12.0
77,2024_21,2024,13.0
14,2024_21,2024,14.0
24,2024_21,2024,15.0
55,2024_21,2024,16.0
43,2024_21,2024,17.0
23,2024_21,2024,18.0
18,2024_21,2024,19.0
27,2024_21,2024,20.0
63,2024_22,2024,1.0
44,2024_22,2024,2.0
55,2024_22,2024,3.0
16,2024_22,2024,4.0
1,2024_22,2024,5.0
4,2024_22,2024,6.0
81,2024_22,2024,7.0
27,2024_22,2024,8.0
22,2024_22,2024,9.0
11,2024_22,2024,10.0
14,2024_22,2024,11.0
20,2024_22,2024,12.0
24,2024_22,2024,13.0
43,2024_22,2024,14.0
18,2024_22,2024,15.0
30,2024_22,2024,16.0
31,2024_22,2024,17.0
77,2024_22,2024,18.0
23,2024_22,2024,19.0
10,2024_22,2024,20.0
1,2024_23,2024,1.0
16,2024_23,2024,2.0
81,2024_23,2024,3.0
63,2024_23,2024,4.0
10,2024_23,2024,5.0
55,2024_23,2024,6.0
14,2024_23,2024,7.0
24,2024_23,2024,8.0
20,2024_23,2024,9.0
4,2024_23,2024,10.0
77,2024_23,2024,11.0
44,2024_23,2024,12.0
22,2024_23,2024,13.0
30,2024_23,2024,14.0
23,2024_23,2024,15.0
27,2024_23,2024,16.0
11,2024_23,2024,17.0
18,2024_23,2024,18.0
43,2024_23,2024,19.0
31,2024_23,2024,20.0
4,2024_24,2024,1.0
55,2024_24,2024,2.0
16,2024_24,2024,3.0
44,2024_24,2024,4.0
63,2024_24,2024,5.0
1,2024_24,2024,6.0
10,2024_24,2024,7.0
27,2024_24,2024,8.0
14,2024_24,2024,9.0
81,2024_24,2024,10.0
23,2024_24,2024,11.0
22,2024_24,2024,12.0
24,2024_24,2024,13.0
18,2024_24,2024,14.0
61,2024_24,2024,15.0
20,2024_24,2024,16.0
30,2024_24,2024,17.0
77,2024_24,2024,18.0
43,2024_24,2024,19.0
11,2024_24,2024,20.0
